ISCY,BSLNQFMACP,BSLNDULOXT
ISCY,BSLNQFMACP,BSLNDULOXT
ISCY,BSLNQFMACP,BSLNDULOXT
ISCY,BSLNQFMACP,BSLNDULOXT
IDECT,BSLNKREGNO,BSLNROKVXC
IDECT,BSLNKREGNO,BSLNROKVXC
IDECT,BSLNKREGNO,BSLNROKVXC
IDECT,BSLNKREGNO,BSLNROKVXC
TCI,BSLNMGWKWI,BSLNIGAGNW
TCI,BSLNMGWKWI,BSLNIGAGNW
TCI,BSLNMGWKWI,BSLNIGAGNW
TCI,BSLNMGWKWI,BSLNIGAGNW
THS,BSLNQSZHRZ,BSLNMNBHCJ
THS,BSLNQSZHRZ,BSLNMNBHCJ
THS,BSLNQSZHRZ,BSLNMNBHCJ
THS,BSLNQSZHRZ,BSLNMNBHCJ
CTRM,BSLNYYYTUB,BSLNQZFTQL
CTRM,BSLNYYYTUB,BSLNQZFTQL
CTRM,BSLNYYYTUB,BSLNQZFTQL
CTRM,BSLNYYYTUB,BSLNQZFTQL
SJD,BSLNTWEFWP,BSLNUCORLS
SJD,BSLNTWEFWP,BSLNUCORLS
SJD,BSLNTWEFWP,BSLNUCORLS
SJD,BSLNTWEFWP,BSLNUCORLS
GBM,BSLNBAMNYE,BSLNDAGYDR
GBM,BSLNBAMNYE,BSLNDAGYDR
GBM,BSLNBAMNYE,BSLNDAGYDR
GBM,BSLNBAMNYE,BSLNDAGYDR
PYW,BSLNAPPBMH,BSLNBBDDYB
PYW,BSLNAPPBMH,BSLNBBDDYB
PYW,BSLNAPPBMH,BSLNBBDDYB
PYW,BSLNAPPBMH,BSLNBBDDYB
OPMA,BSLNKFEPPM,BSLNVVLZWG
OPMA,BSLNKFEPPM,BSLNVVLZWG
OPMA,BSLNKFEPPM,BSLNVVLZWG
OPMA,BSLNKFEPPM,BSLNVVLZWG
EPN,BSLNQMCFJF,BSLNTCMUAB
EPN,BSLNQMCFJF,BSLNTCMUAB
EPN,BSLNQMCFJF,BSLNTCMUAB
EPN,BSLNQMCFJF,BSLNTCMUAB
TCI,BSLNIGAGNW,BSLNSSXYGM
TCI,BSLNIGAGNW,BSLNSSXYGM
TCI,BSLNIGAGNW,BSLNSSXYGM
TCI,BSLNIGAGNW,BSLNSSXYGM
PMLP,BSLNBWWEZF,BSLNKWOYZV
PMLP,BSLNBWWEZF,BSLNKWOYZV
PMLP,BSLNBWWEZF,BSLNKWOYZV
PMLP,BSLNBWWEZF,BSLNKWOYZV
FSF,BSLNWIBQAU,BSLNETDJIL
FSF,BSLNWIBQAU,BSLNETDJIL
FSF,BSLNWIBQAU,BSLNETDJIL
FSF,BSLNWIBQAU,BSLNETDJIL
ASQJ,BSLNLBSIFQ,BSLNVYIUWE
ASQJ,BSLNLBSIFQ,BSLNVYIUWE
ASQJ,BSLNLBSIFQ,BSLNVYIUWE
ASQJ,BSLNLBSIFQ,BSLNVYIUWE
BMMC,BSLNQGSHAH,BSLNAEPCHI
BMMC,BSLNQGSHAH,BSLNAEPCHI
BMMC,BSLNQGSHAH,BSLNAEPCHI
BMMC,BSLNQGSHAH,BSLNAEPCHI
SCCCI,BSLNTTVNOQ,BSLNJVUYMP
SCCCI,BSLNTTVNOQ,BSLNJVUYMP
SCCCI,BSLNTTVNOQ,BSLNJVUYMP
SCCCI,BSLNTTVNOQ,BSLNJVUYMP
HOV,BSLNNNLBAY,BSLNDAEABP
HOV,BSLNNNLBAY,BSLNDAEABP
HOV,BSLNNNLBAY,BSLNDAEABP
HOV,BSLNNNLBAY,BSLNDAEABP
SMB,BSLNWDQGCI,BSLNPLAVWF
SMB,BSLNWDQGCI,BSLNPLAVWF
SMB,BSLNWDQGCI,BSLNPLAVWF
SMB,BSLNWDQGCI,BSLNPLAVWF
SCJ,BSLNSRUAHS,BSLNONATOY
SCJ,BSLNSRUAHS,BSLNONATOY
SCJ,BSLNSRUAHS,BSLNONATOY
SCJ,BSLNSRUAHS,BSLNONATOY
GBM,BSLNWMVELN,BSLNDAGYDR
GBM,BSLNWMVELN,BSLNDAGYDR
GBM,BSLNWMVELN,BSLNDAGYDR
GBM,BSLNWMVELN,BSLNDAGYDR
PMLP,BSLNBSCJEU,BSLNNTBYMC
PMLP,BSLNBSCJEU,BSLNNTBYMC
PMLP,BSLNBSCJEU,BSLNNTBYMC
PMLP,BSLNBSCJEU,BSLNNTBYMC
TCI,BSLNHXNDCS,BSLNSSXYGM
TCI,BSLNHXNDCS,BSLNSSXYGM
TCI,BSLNHXNDCS,BSLNSSXYGM
TCI,BSLNHXNDCS,BSLNSSXYGM
OPMA,BSLNVVLZWG,BSLNUGJYZR
OPMA,BSLNVVLZWG,BSLNUGJYZR
OPMA,BSLNVVLZWG,BSLNUGJYZR
OPMA,BSLNVVLZWG,BSLNUGJYZR
STB,BSLNBZNHMT,BSLNULJCBH
STB,BSLNBZNHMT,BSLNULJCBH
STB,BSLNBZNHMT,BSLNULJCBH
STB,BSLNBZNHMT,BSLNULJCBH
SCCCI,BSLNTTVNOQ,BSLNBPTGAH
SCCCI,BSLNTTVNOQ,BSLNBPTGAH
SCCCI,BSLNTTVNOQ,BSLNBPTGAH
SCCCI,BSLNTTVNOQ,BSLNBPTGAH
CSU,BSLNTHVXSQ,BSLNIWQWRC
CSU,BSLNTHVXSQ,BSLNIWQWRC
CSU,BSLNTHVXSQ,BSLNIWQWRC
CSU,BSLNTHVXSQ,BSLNIWQWRC
ATSS,BSLNMAOLYM,BSLNAAXVLF
ATSS,BSLNMAOLYM,BSLNAAXVLF
ATSS,BSLNMAOLYM,BSLNAAXVLF
ATSS,BSLNMAOLYM,BSLNAAXVLF
BSI,BSLNPMVWNI,BSLNPDOVPT
BSI,BSLNPMVWNI,BSLNPDOVPT
BSI,BSLNPMVWNI,BSLNPDOVPT
BSI,BSLNPMVWNI,BSLNPDOVPT
CTRM,BSLNCRWRDD,BSLNQZFTQL
CTRM,BSLNCRWRDD,BSLNQZFTQL
CTRM,BSLNCRWRDD,BSLNQZFTQL
CTRM,BSLNCRWRDD,BSLNQZFTQL
ASQJ,BSLNOZHQSC,BSLNRHGTZC
ASQJ,BSLNOZHQSC,BSLNRHGTZC
ASQJ,BSLNOZHQSC,BSLNRHGTZC
ASQJ,BSLNOZHQSC,BSLNRHGTZC
